{
	"class_name" : "PinholeCameraParameters",
	"extrinsic" : 
	[
		-0.051162051777440161,
		-0.26699750167021596,
		0.96233818305197971,
		0.0,
		-0.99849248465024876,
		-0.0055058611450372486,
		-0.054611753222401499,
		0.0,
		0.019879702082663205,
		-0.96368149281539839,
		-0.26631330768512107,
		0.0,
		-0.83109996685256093,
		0.93777145034929621,
		16.767809416232769,
		1.0
	],
	"intrinsic" : 
	{
		"height" : 1043,
		"intrinsic_matrix" : 
		[
			903.26449614716955,
			0.0,
			0.0,
			0.0,
			903.26449614716955,
			0.0,
			959.5,
			521.0,
			1.0
		],
		"width" : 1920
	},
	"version_major" : 1,
	"version_minor" : 0
}

